,affiliate_id_18,function,title,role,management_level,role_level
21136,a0d3300000EXneHAAT,Academics (Teaching & Learning),,Business English Teacher,Manages self/projects - 1,Junior-level (0-3 years)
85937,a0dRi000002YOhtIAG,School Leadership / Administration,"Head of Department,Geology",,Manages a group - 5,
4730,a0d3300000EWzhUAAT,,,,,
325,a0d3300000CT99UAAT,Consulting,,Independent Business Consultant,,
80081,a0dRi000000uib3IAA,Data / Analytics / Research,Sr. Recruitment Specialist & Project Manager,,Manages function(s) -  4,
56469,a0d40000001ejqoAAA,,,Partner,,
35012,a0d3300000Fh85dAAB,Academics (Teaching and Learning),Achievement Support Initiatives Coach,Achievement Support Initiatives Coach,Manages self/projects,Junior to Mid-level
44369,a0d3300000GV2KsAAL,Consulting,Summer MBA Associate,,Manages self/projects,Junior to Mid-level
3869,a0d3300000EWyOQAA1,,,,,
101866,a0df300000H36u2AAB,Consulting,Consultant,,Manages self/projects - 1,
19180,a0d3300000EXZOEAA5,Academics (Teaching & Learning),,Special Education Math Teacher - 7th grade,,
35468,a0d3300000FmCmxAAF,Data / Analytics / Research,Research Assistant,,Manages self/projects - 1,Junior-level (0-3 years)
4946,a0d3300000EX7YHAA1,,,Resource Specialist,,
83259,a0dRi00000215FpIAI,Academics (Teaching & Learning),Instructional Associate,,Manages self/projects - 1,
75007,a0d4y00000HeaIXAAZ,Program and Project Management,Interim Campus Director,,Manages a group - 5,
32696,a0d3300000FeEERAA3,Data / Analytics / Research,,Graduate Research Assistant,Manages self/projects - 1,Junior-level (0-3 years)
82349,a0dRi000001oVsrIAE,General Management,Senior Civil Engineer/Project Manager,,Manages a group - 5,
108635,a0df300000HXjsVAAT,Finance / Budgeting / Accounting,Intern,,Manages self/projects - 1,
69553,a0d40000009JR9wAAG,Operations,,BUILD - E1 Program Assistant,,
886,a0d3300000EVpR0AAL,Academics (Teaching & Learning),,English Language Professor,Manages others - 2,Junior to Mid-level (3-5 years)
105842,a0df300000HOfLXAA1,,,Senior Analyst,,
84551,a0dRi000002GsMfIAK,Academics (Teaching & Learning),Teacher,,Manages self/projects - 1,
31108,a0d3300000FdwvDAAR,Academics (Teaching & Learning),Teaching Assistant,,Manages others - 2,Junior-level (0-3 years)
25148,a0d3300000FYSFXAA5,Data / Analytics / Research,,Senior Analyst,Manages self/projects - 1,Junior to Mid-level (3-5 years)
28643,a0d3300000FYkW9AAL,Academics (Teaching & Learning),,Teacher,Manages self/projects - 1,Junior-level (0-3 years)
32253,a0d3300000Fe4d9AAB,Policy / Advocacy,,Student Body President,Manages organization - 6,Senior-level (10+ years)
21720,a0d3300000EipX8AAJ,General Management,Assessment and DDI Director,,,
38103,a0d3300000G7qKnAAJ,Program and Project Management,Executive Director,,Manages organization - 6,Senior-level (10+ years)
108805,a0df300000HXo6xAAD,Academics (Teaching & Learning),History Teacher,,Manages self/projects - 1,
91918,a0df300000EqZW5AAN,,,Program Manager,,
65014,a0d40000007D3nIAAS,,,Institutional Development (EP Fellow),,
30067,a0d3300000FdoQsAAJ,Finance / Budgeting / Accounting,,Assistant to the Compliance Officer,Manages self/projects - 1,Junior-level (0-3 years)
76132,a0d4y00000I4R4jAAF,Operations,Operations Manager,,Manages others - 2,
56496,a0d40000001ejyZAAQ,,,,,
96473,a0df300000H10vKAAR,Academics (Teaching & Learning),Instructor,,Manages others - 2,
35704,a0d3300000FmT9dAAF,Operations,,Assistant Director of EVS,Manages others - 2,Junior-level (0-3 years)
109385,a0df300000HgE0OAAV,Other,User Advocate,,Manages self/projects - 1,
47055,a0d3300000GasSxAAJ,School Leadership / Administration,Assistant Principal,,Manages others,Mid-level
33737,a0d3300000Ffa6BAAR,Operations,,Campaign Services Specialist,Manages others - 2,Junior to Mid-level (3-5 years)
20634,a0d3300000EXb1FAAT,Operations,,MET Team Lead,,
6,a0d3300000CSzrgAAD,General Management,,CEO,,
7213,a0d3300000EXIyNAAX,,,,,
100051,a0df300000H2MMhAAN,Academics (Teaching & Learning),Reading Intervention Specialist,,Manages self/projects - 1,
90939,a0df300000EqFuCAAV,Consulting,Senior Educational Consultant; Student Services Director,,Manages self/projects - 1,
67822,a0d400000091gTtAAI,Operations,,Operations Manager,Manages others - 2,
24349,a0d3300000FYQpNAAX,Academics (Teaching & Learning),,Principal-Graduate faculty,Manages others - 2,Junior to Mid-level (3-5 years)
84166,a0dRi000002AMEDIA4,Other,Compliance Services Associate,,Manages self/projects - 1,
52301,a0d40000000xoClAAI,General Management,,Director of Career Services,,
40509,a0d3300000GIXKRAA5,Social Services / Social Work,Service Coordinator,,Manages self/projects,Junior-level
3858,a0d3300000EWyNZAA1,Finance / Budgeting / Accounting,,,Manages self/projects - 1,
44085,a0d3300000GUb8wAAD,Technology / Systems,Software Engineer,,Manages self/projects,Junior-level
24665,a0d3300000FYS5MAAX,Academics (Teaching & Learning),,Science Lab Specialist,Manages others - 2,Junior to Mid-level (3-5 years)
64480,a0d40000007CrhvAAC,Program and Project Management,,"Program Manager, Earned Income Tax Coalition",,
25187,a0d3300000FYSGLAA5,Data / Analytics / Research,,Evaluation Specialist,Manages self/projects - 1,Junior to Mid-level (3-5 years)
43772,a0d3300000GUExFAAX,Consulting,Consultant,,Manages self/projects,Junior to Mid-level
44101,a0d3300000GUbHvAAL,Data / Analytics / Research,Exchange Traded Fund Accountant,,Manages self/projects,Junior to Mid-level
57291,a0d40000001gKQjAAM,,,,,
46174,a0d3300000GahtMAAR,Academics (Teaching and Learning),Academic Resources Teaching Assistant,,Manages self/projects,Junior to Mid-level
39860,a0d3300000GGPUeAAP,Academics (Teaching and Learning),8th Grade ELA Teacher,,Manages self/projects,Mid to Senior-level
74231,a0d4y00000H7V2OAAV,Program and Project Management,Program Assistant,,Manages others - 2,
23370,a0d3300000FAWezAAH,Data / Analytics / Research,,Research Manager,Manages others - 2,
4216,a0d3300000EWyrZAAT,,,,,
88933,a0dRi000005NXmpIAG,Technology / Systems,IT Director,,Manages function(s) -  4,
15642,a0d3300000EXV37AAH,,,,,
5229,a0d3300000EXEcUAAX,Technology / Systems,,Senior Technical Support Analyst,,
19016,a0d3300000EXZD0AAP,,,,,
56207,a0d40000001e6CMAAY,General Management,,Founding Managing Director,,
3812,a0d3300000EWyEWAA1,,,,,
107319,a0df300000HOi6aAAD,,,attorney,,
45440,a0d3300000GaDkgAAF,Program and Project Management,Foster America Fellow,,Manages self/projects,Mid-level
22006,a0d3300000Eipc5AAB,,,,,
59824,a0d40000003NnMaAAK,Data / Analytics / Research,,Data Analyst,,
63962,a0d40000007CNkWAAW,,,Innovation Design Manager,,
97413,a0df300000H1LIsAAN,,,"Program Manager, Strategic Initiatives",,
3017,a0d3300000EWNx1AAH,Policy / Advocacy,Legislative Aide,,Manages self/projects - 1,Junior-level (0-3 years)
86120,a0dRi000002ZqH7IAK,Legal Services,Legal Assistant,,Manages self/projects - 1,
36519,a0d3300000G2pw9AAB,Academics (Teaching & Learning),,Elementary Teacher/ 2014 Corps Member,Manages self/projects - 1,Junior-level (0-3 years)
77301,a0d4y00000ISXtdAAH,Academics (Teaching & Learning),Staff Member,,Manages self/projects - 1,
37246,a0d3300000G3rvfAAB,Academics (Teaching & Learning),Enseignante Contractuelle/Lecteur d'anglais,,Manages self/projects - 1,Mid-level (5-7 years)
37117,a0d3300000G3qKuAAJ,Academics (Teaching & Learning),Substitute Teacher,,Manages self/projects - 1,Junior to Mid-level (3-5 years)
7644,a0d3300000EXJVWAA5,,,,,
42888,a0d3300000GTNG6AAP,"Sales, Business Development, and Partnerships",Relationship Manager,,Manages self/projects,Mid-level
12902,a0d3300000EXRpKAAX,,,,,
41571,a0d3300000GSujvAAD,Data / Analytics / Research,Sales Analyst,,Manages others,Senior-level
47572,a0d3300000GauvaAAB,Academics (Teaching and Learning),Co-Teacher,,Manages function(s),Mid-level
28651,a0d3300000FYkahAAD,Legal Services,,Investigative Caseworker,Manages others - 2,Mid to Senior-level (7-10 years)
37451,a0d3300000G4CGWAA3,Academics (Teaching & Learning),Teaching Assistant,,Manages self/projects - 1,Junior-level (0-3 years)
100929,a0df300000H2o0aAAB,General Management,Chief of Staff for the Secretary General,,Manages others - 2,
25804,a0d3300000FYST7AAP,Technology / Systems,,Systems Project Manager and Business Analyst,Manages self/projects - 1,Mid-level (5-7 years)
46716,a0d3300000GapvTAAR,Academics (Teaching and Learning),Substitute Teacher,,,
37224,a0d3300000G3rqBAAR,Consulting,,Internal Planning Consultant,,
68446,a0d40000009I3LGAA0,General Management,,"Director, Alumni Summits",,
91965,a0df300000EqZgAAAV,,,Project Manager,,
87385,a0dRi000002pQ49IAE,Academics (Teaching & Learning),Graduate Lecturer (Promoted from Graduate Teaching Assistant 08/2023),,Manages others - 2,
88975,a0dRi000005SM4LIAW,Data / Analytics / Research,Economic Development & Partnerships Intern,,Manages self/projects - 1,
7502,a0d3300000EXJKHAA5,,,,,
90202,a0df300000EqBRVAA3,Academics (Teaching & Learning),8th Grade Math Teacher/11th Grade Math Teacher,,Manages others - 2,
26905,a0d3300000FYSqqAAH,Program and Project Management,,Director,Manages others - 2,Mid to Senior-level (7-10 years)
75198,a0d4y00000HivNbAAJ,Academics (Teaching & Learning),Special Education Teacher,,Manages a group - 5,
82903,a0dRi000001vpA5IAI,Academics (Teaching & Learning),Dean of Discipline,,Manages function(s) -  4,
47937,a0d3300000GbLshAAF,Academics (Teaching & Learning),5th Grade Mainstream Teacher- All Subjects,,Manages self/projects - 1,Mid-level
46968,a0d3300000GarpCAAR,Program and Project Management,Program Coordinator,,Manages others,Mid-level
108961,a0df300000Hg7bYAAR,School Leadership / Administration,Assistant Head Master of Charter Day School,,Manages managers - 3,
16840,a0d3300000EXWe2AAH,Academics (Teaching & Learning),,5th Grade Humanities Teacher,,
35916,a0d3300000Fo5ynAAB,Marketing / Communications / External Relations,,School and Youth Campaign Assistant,Manages self/projects - 1,Junior-level (0-3 years)
63486,a0d40000007BkRxAAK,Data / Analytics / Research,Director of Research,Director of Research,,
33565,a0d3300000FfR8bAAF,Academics (Teaching & Learning),,Model Classroom Teacher/Classroom Teacher,Manages self/projects - 1,Mid to Senior-level (7-10 years)
7569,a0d3300000EXJPnAAP,,,,,
55468,a0d40000001d7bjAAA,General Management,,Director of Education,,
101387,a0df300000H2uTxAAJ,Academics (Teaching & Learning),Early Intervention Literacy Tutor,,Manages self/projects - 1,
82266,a0dRi000001lqtpIAA,Academics (Teaching & Learning),Teacher,,Manages self/projects - 1,
62368,a0d40000006Is5FAAS,,,,,
99303,a0df300000H2ERyAAN,Academics (Teaching & Learning),Special Education Coordinator,,Manages others - 2,
73264,a0d4y00000Fxp66AAB,Academics (Teaching & Learning),Capital Teaching Resident,,Manages self/projects - 1,
43809,a0d3300000GUFwYAAX,Academics (Teaching and Learning),Math Fellow,,Manages self/projects,Junior-level
49298,a0d3300000GcrI3AAJ,Technology / Systems,"Director, Strategy",,Manages self/projects,Junior to Mid-level
37172,a0d3300000G3qv1AAB,Data / Analytics / Research,Research Intern,,Manages self/projects - 1,Junior-level (0-3 years)
93495,a0df300000GMzoRAAT,Data / Analytics / Research,Graduate Assistnat,,Manages self/projects - 1,
67263,a0d40000008tsV8AAI,Data / Analytics / Research,,Policy Analyst,Manages self/projects - 1,
90516,a0df300000EqDmVAAV,School Leadership / Administration,Student Success Counselor,,Manages self/projects - 1,
26054,a0d3300000FYSYdAAP,Marketing / Communications / External Relations,,Fundraising Coordinator,Manages self/projects - 1,Junior-level (0-3 years)
4332,a0d3300000EWyxqAAD,,,,,
76630,a0d4y00000IB8kuAAD,School Leadership / Administration,Campus Summer School Principal,,Manages organization - 6,
42680,a0d3300000GTM1lAAH,Consulting,Project Lead,,Manages others,Mid-level
51308,a0d40000000xHaDAAU,,,,,
17513,a0d3300000EXXQ0AAP,Human Capital / Human Resources,,Recruitment Manager,,
39966,a0d3300000GGWK4AAP,Academics (Teaching and Learning),8th Grade English Teacher,,Manages self/projects,Junior-level
80509,a0dRi0000013dc9IAA,Operations,Director of Operations,,Manages organization - 6,
15308,a0d3300000EXUfZAAX,,,,,
105177,a0df300000HOfAEAA1,,,Data Analyst,,
7415,a0d3300000EXJDGAA5,,,,,
66132,a0d40000008PKLDAA4,Strategy and Planning,,Manager of Strategic Comm. & Donor Relations,,
45265,a0d3300000Ga44FAAR,Data / Analytics / Research,Category Management Assistant,,Manages self/projects,Junior-level
79082,a0dRi000000ZjlRIAS,Consulting,Senior Associate,,Manages self/projects - 1,
23856,a0d3300000FWvOoAAL,Academics (Teaching & Learning),,7th Grade Teacher,Manages self/projects - 1,Junior-level (0-3 years)
54596,a0d40000000zzhmAAA,,,,,
87151,a0dRi000002ldmLIAQ,General Management,CEO,,Manages managers - 3,
71027,a0d4000000D3dEeAAJ,Program and Project Management,,Asia Urban Programme Manager,Manages others - 2,
72231,a0d4y00000FxdUmAAJ,Data / Analytics / Research,Post-bac Research Assistant and Team Leader,,Manages others - 2,
98478,a0df300000H1svFAAR,Marketing / Communications / External Relations,Marketing & Communications Specialist,,Manages others - 2,
4532,a0d3300000EWzNqAAL,Development / Grant-making,,Academic Coordinator,Manages others - 2,
22984,a0d3300000F5XVwAAN,,,Graduate School Fellow,,
41045,a0d3300000GSIyGAAX,Data / Analytics / Research,Senior Research Associate,,Manages function(s),Mid to Senior-level
15350,a0d3300000EXUiMAAX,,,,,
72990,a0d4y00000FxkrCAAR,Academics (Teaching & Learning),Lead Teacher,,Manages others - 2,
87703,a0dRi0000041lQnIAI,Data / Analytics / Research,Data Analyst,,Manages managers - 3,
79614,a0dRi000000oW1VIAU,Academics (Teaching & Learning),Teacher,,Manages others - 2,
75250,a0d4y00000HiwZeAAJ,Academics (Teaching & Learning),Special Education Teacher,,Manages self/projects - 1,
53685,a0d40000000ySYTAA2,,,,,
70186,a0d4000000D03vdAAB,School Leadership / Administration,,"Regional Superintendent, iZone",,
96835,a0df300000H1Be5AAF,Other,Americorp Member,,Manages self/projects - 1,
20863,a0d3300000EXbiUAAT,Data / Analytics / Research,,Senior Analyst,Manages others - 2,Mid-level (5-7 years)
7261,a0d3300000EXJ1tAAH,,,,,
86883,a0dRi000002fv2nIAA,Program and Project Management,Training & Education Services Manager,,Manages self/projects - 1,
44520,a0d3300000GVBGtAAP,Finance / Budgeting / Accounting,Senior Accountant,,Manages self/projects,Mid to Senior-level
53766,a0d40000000yVQFAA2,General Management,,Foundation founder,,
17243,a0d3300000EXX6FAAX,,,,,
28353,a0d3300000FYVDYAA5,Academics (Teaching & Learning),"Cofounder, Marketing Manager, Data analyst, Instructor",,Manages organization - 6,Mid to Senior-level (7-10 years)
56868,a0d40000001ekRPAAY,General Management,,Director,,
100854,a0df300000H2me3AAB,Data / Analytics / Research,Research Assistant,,Manages self/projects - 1,
108348,a0df300000HXfRAAA1,Data / Analytics / Research,Policy & Research Analyst,,Manages others - 2,
7251,a0d3300000EXJ1JAAX,,,,,
65102,a0d40000007DAsYAAW,Academics (Teaching & Learning),,Teaching Artist,,
64558,a0d40000007CrxtAAC,Data / Analytics / Research,,Education Policy Intern,,
98451,a0df300000H1sYDAAZ,Academics (Teaching & Learning),8th Grade Science Teacher,,Manages self/projects - 1,
61207,a0d40000006IVKjAAO,Program and Project Management,,"Chief Program Officer, Initiatives",,
69308,a0d40000009JEvtAAG,,,Production Intern,,
84238,a0dRi000002AccLIAS,Data / Analytics / Research,Research Assistant in Lenhoff Lab,,Manages self/projects - 1,
13279,a0d3300000EXSJeAAP,,,Ph.D. Candidate,,
50393,a0d3300000Gvb6DAAR,"Sales, Business Development, and Partnerships",Server,,Manages self/projects,Junior to Mid-level
50630,a0d3300000GvfGUAAZ,Academics (Teaching and Learning),AmeriCorps Site Coordinator,,Manages others,Junior-level
31777,a0d3300000Fe134AAB,Academics (Teaching & Learning),,Assistant Professor,Manages self/projects - 1,Junior to Mid-level (3-5 years)
31083,a0d3300000FdwmUAAR,Academics (Teaching & Learning),,Teacher,Manages others - 2,Mid-level (5-7 years)
87982,a0dRi000004S3zxIAC,Consulting,Education Expert Contractor,,Manages self/projects - 1,
32152,a0d3300000Fe3ukAAB,Marketing / Communications / External Relations,Marketing & Outcomes Specialist,,Manages others - 2,Mid-level (5-7 years)
31662,a0d3300000Fe0EGAAZ,Program and Project Management,,Youth Mentor,Manages self/projects - 1,Junior-level (0-3 years)
47856,a0d3300000GbHG1AAN,General Management,Operations Manager,,Manages managers,Junior to Mid-level
91398,a0df300000EqHadAAF,Data / Analytics / Research,Research Associate,,Manages self/projects - 1,
37179,a0d3300000G3r2RAAR,Operations,Senior Field Instructor,,Manages others - 2,Mid to Senior-level (7-10 years)
64973,a0d40000007D2HhAAK,General Management,,Senior Director,,
38693,a0d3300000GBxwuAAD,Policy / Advocacy,Multicultural Center Director,,Manages organization - 6,Mid to Senior-level (7-10 years)
106120,a0df300000HOfQoAAL,,,Operations Fellow,,
36006,a0d3300000FtGsGAAV,Data / Analytics / Research,Database Administrator,,Manages self/projects - 1,Mid to Senior-level (7-10 years)
38247,a0d3300000G812JAAR,Academics (Teaching and Learning),Founding Middle School Science Teacher,,Manages self/projects,Junior to Mid-level
48852,a0d3300000GcMKfAAN,Data / Analytics / Research,Project Coordinator,,Manages others,Junior to Mid-level
90357,a0df300000EqCXyAAN,Program and Project Management,Financial Manager and Collective Member,,Manages others - 2,
88687,a0dRi0000050orZIAQ,Academics (Teaching & Learning),6th and 8th Grade English Language Arts Teacher & Grade Level Lead (2019-2022,,Manages others - 2,
72360,a0d4y00000Fxf6IAAR,Operations,Supply Chain Analyst,,Manages others - 2,
90808,a0df300000EqFMZAA3,Operations,Administrative Coordinator,,Manages self/projects - 1,
98632,a0df300000H1yHvAAJ,Marketing / Communications / External Relations,Social Media Manager,,Manages self/projects - 1,
105216,a0df300000HOfAxAAL,,,"Manager, District Performance Office",,
86394,a0dRi000002bz50IAA,Academics (Teaching & Learning),,,Manages self/projects - 1,
16464,a0d3300000EXW9iAAH,General Management,,"Site Director, Assistant Program Director, Academic Coordinator",,
108963,a0df300000Hg7dAAAR,Academics (Teaching & Learning),Teacher,,Manages self/projects - 1,
82283,a0dRi000001mBBtIAM,Other,Career & Technical Education Director,,Manages organization - 6,
80965,a0dRi0000017CzxIAE,Data / Analytics / Research,Data Analyst,,Manages function(s) -  4,
7880,a0d3300000EXJowAAH,,,,,
32524,a0d3300000FeDIpAAN,Academics (Teaching & Learning),,English Teacher,Manages self/projects - 1,Mid-level (5-7 years)
88003,a0dRi000004VLyjIAG,Operations,Pecan on Peachtree Manager,,Manages function(s) -  4,
15461,a0d3300000EXUqPAAX,,,,,
